{
  "features": [
    "waiting_time",
    "io_bound",
    "priority",
    "slack_time",
    "urgency_score",
    "wait_ratio",
    "deadline_pressure",
    "queue_depth"
  ],
  "target": "remaining_burst",
  "hidden_size": 64,
  "num_layers": 2,
  "dropout": 0.2,
  "scaler_mean": [
    18.703539156626505,
    0.3207831325301205,
    3.049698795180723,
    40.01340361445783,
    2.4520983813608246,
    0.3986070635621941,
    0.17548770352759566,
    3.392620481927711
  ],
  "scaler_scale": [
    31.184101401923098,
    0.4667775855953848,
    1.4099260532172195,
    59.624285258878814,
    1.8209078042081632,
    0.26785328824102256,
    0.30858450914329244,
    1.6196942298270145
  ],
  "test_mae_ms": 0.6978,
  "test_rmse_ms": 1.9041,
  "test_r2": 0.9945,
  "test_mape_pct": 3.11
}